assembly_id,n_triangles_combined,n_segments,frame,kind,elev,azim,dist,t_vbo_sec,t_render_sec
7778_3a9748b3,283814,167,0,normal,-13.230360818269045,209.4720719855467,157.2039685161754,0.19233579200226814,0.0062852089904481545
7778_3a9748b3,283814,167,1,normal,34.579270887578105,116.90777368150428,155.27070162136621,0.20789645799959544,0.0077926249941810966
7778_3a9748b3,283814,167,2,normal,51.50742558781877,325.52067232381876,141.5368140352834,0.1922159579989966,0.00683845799358096
7778_3a9748b3,283814,167,3,normal,-56.23088552266992,302.9209941159503,150.33191506277782,0.18769600000814535,0.0058030829968629405
7778_3a9748b3,283814,167,4,normal,-27.909349475297006,203.60101720401974,150.47577113923748,0.18617316700692754,0.0063386250112671405
7778_3a9748b3,283814,167,5,normal,-41.060459745952954,307.3152048842026,154.71461436540915,0.1853237920004176,0.006673000010778196
7778_3a9748b3,283814,167,6,normal,-66.255283756061,334.36716369570024,126.32056448391498,0.1892957079980988,0.006344458000967279
7778_3a9748b3,283814,167,7,zoom,-79.76661107120425,180.63490720335085,60.11636775808494,0.1902787090075435,0.00574741700256709
7778_3a9748b3,283814,167,8,zoom,-60.348314721577665,168.05477969622274,37.606066587558146,0.1843696669966448,0.006178166993777268
7778_3a9748b3,283814,167,9,zoom,-81.94254630903188,199.1364759619303,57.04457643712006,0.18623458300135098,0.005478541002958082
16550_e88d6986,8610,2,0,normal,62.43839329600559,105.63270908600724,2.1578661319520784,0.0050186250009574,0.005776916994364001
16550_e88d6986,8610,2,1,normal,80.57945010942846,255.5536009987063,2.5940247491325406,0.005064874989329837,0.0053518750064540654
16550_e88d6986,8610,2,2,normal,-43.474110476088754,227.84461873796326,2.457636952423125,0.004978416007361375,0.005325541002093814
16550_e88d6986,8610,2,3,normal,5.617240148861365,20.9523308656871,2.689391107458304,0.005124582996359095,0.004742875011288561
16550_e88d6986,8610,2,4,normal,-85.80592338147329,327.47686154267603,2.307435641335146,0.005169333002413623,0.004235917003825307
16550_e88d6986,8610,2,5,normal,-84.12972849087392,218.76903007073716,2.421266018088972,0.005038791001425125,0.005253332987194881
16550_e88d6986,8610,2,6,normal,-68.76392987793783,243.18488980380647,2.225271085009644,0.0051165000040782616,0.005348999999114312
16550_e88d6986,8610,2,7,normal,-21.278801412719634,97.04434432118555,2.6149142261832736,0.005153791993507184,0.00465595799323637
16550_e88d6986,8610,2,8,normal,61.44775538570232,220.37486603891674,2.48224738171518,0.005281500009004958,0.004610833013430238
16550_e88d6986,8610,2,9,normal,63.02863880654064,34.1576095745848,2.176637806653875,0.005051000000094064,0.005701082991436124
20429_419c4cdd,3108,1,0,normal,-25.771868714445784,143.3486384328463,28.032296374782064,0.0018547920044511557,0.005214415999944322
20429_419c4cdd,3108,1,1,normal,-88.73965518771168,147.8198628519368,26.85592749968873,0.0017862079985206947,0.004741291006212123
20429_419c4cdd,3108,1,2,normal,-85.18910725860937,121.80720015917402,25.888591771876822,0.0018422080029267818,0.004988000000594184
20429_419c4cdd,3108,1,3,normal,-89.0246434022787,153.47058446527183,30.759410801572457,0.001862709003034979,0.004610666990629397
20429_419c4cdd,3108,1,4,normal,45.75313176565351,227.57415346327014,29.547450037043845,0.0018670419958652928,0.005497833000845276
20429_419c4cdd,3108,1,5,normal,15.561892328192341,126.97999618303388,27.02066797795255,0.0017588750051800162,0.00469820799480658
20429_419c4cdd,3108,1,6,normal,4.91327781529618,311.58632637346483,29.176504853515524,0.0018265420076204464,0.004433875001268461
20429_419c4cdd,3108,1,7,normal,67.68899100852913,56.27240465820745,28.885226000428798,0.0018029170023510233,0.004366791996289976
20429_419c4cdd,3108,1,8,normal,-58.33339129867652,315.36657213938383,30.1563058821653,0.0018599579925648868,0.0053488330013351515
20429_419c4cdd,3108,1,9,normal,49.49656695354681,71.29428919113064,25.39154334142725,0.0019709589978447184,0.005215875004068948
20429_9dd95c38,2652,1,0,normal,-36.682883152484365,359.92448093569004,29.692840573680996,0.0015905829932307824,0.0046938330051489174
20429_9dd95c38,2652,1,1,normal,-9.181177055798138,327.7601235036829,25.152407973436688,0.0016609169979346916,0.004985084000509232
20429_9dd95c38,2652,1,2,normal,39.16350586674996,228.5576007472602,27.793758631493684,0.001475250013754703,0.005259249999653548
20429_9dd95c38,2652,1,3,normal,-59.86649191862586,331.2295058515546,27.99900714779822,0.0016343329916708171,0.004717167001217604
20429_9dd95c38,2652,1,4,normal,85.78985142552264,264.2449719984372,30.113072699901227,0.001569917003507726,0.00475954198918771
20429_9dd95c38,2652,1,5,normal,25.905249118172815,115.82354814003642,29.89498961737806,0.0015545829955954105,0.00436404200445395
20429_9dd95c38,2652,1,6,normal,-88.70975475520527,140.8345495300876,26.545004951183014,0.0014153340016491711,0.005235832999460399
20429_9dd95c38,2652,1,7,normal,72.74265544139337,281.8018129558546,25.331535308658943,0.0015080409939400852,0.005033665991504677
20429_9dd95c38,2652,1,8,normal,32.75738910113848,183.9064964958136,25.138416958573448,0.0015023330051917583,0.0044573329942068085
20429_9dd95c38,2652,1,9,normal,22.416882411089386,247.3163319990238,28.80606383399251,0.0018159589963033795,0.004738667004858144
21665_2e14b6ff,6982,1,0,normal,-39.34446872416935,80.75073394195708,15.157476598633764,0.004402582999318838,0.0048387920105597
21665_2e14b6ff,6982,1,1,normal,-76.93637707590577,203.8183041262039,14.555431859494192,0.004002624991699122,0.005211916999542154
21665_2e14b6ff,6982,1,2,normal,-30.339602184145143,355.59702223704244,15.799953039265992,0.004066624998813495,0.005195457997615449
21665_2e14b6ff,6982,1,3,normal,34.311021855330324,224.31118285855527,14.460165281693818,0.004119499993976206,0.0051448750018607825
21665_2e14b6ff,6982,1,4,normal,3.4802117427198542,88.17597378674512,14.301997808332858,0.004083541003637947,0.0052261660021031275
21665_2e14b6ff,6982,1,5,normal,64.03548443759088,145.2600637827268,15.5714191350452,0.004278708001947962,0.004555167004582472
21665_2e14b6ff,6982,1,6,normal,78.32950603804602,253.97301265569678,15.745090365951526,0.004367583998828195,0.004894166995654814
21665_2e14b6ff,6982,1,7,normal,-62.31859806989028,97.42540212159274,14.177524470110868,0.003833499999018386,0.005486166002810933
21665_2e14b6ff,6982,1,8,normal,-72.23454435680819,296.3204666420254,15.054114091967703,0.004094582996913232,0.0053486670076381415
21665_2e14b6ff,6982,1,9,normal,39.79445381493576,50.05751603972375,14.667816801594636,0.004106667009182274,0.005622875003609806
21692_777db9e2,42854,5,0,normal,16.066615840830007,41.236520970422845,27.325051955056313,0.028024083003401756,0.005235750009887852
21692_777db9e2,42854,5,1,normal,-0.6565336964162616,247.41606416126174,26.818226200053637,0.027636040991637856,0.005623999997624196
21692_777db9e2,42854,5,2,normal,-73.56515280767526,115.75642043439005,28.060244844951033,0.027531875006388873,0.005753332996391691
21692_777db9e2,42854,5,3,normal,-26.167019342486913,350.6739129724497,28.934684462876,0.028140916998381726,0.005416457992396317
21692_777db9e2,42854,5,4,normal,82.3149924257724,178.2772399673777,27.103719766859264,0.02706337500421796,0.0057549589982954785
21692_777db9e2,42854,5,5,normal,10.234078491369843,284.50037756035715,26.63138750399708,0.027203624995308928,0.0053452499996637926
21692_777db9e2,42854,5,6,normal,-51.842440285230715,71.54516197767484,28.93672771483144,0.02809887500188779,0.0057337920006830245
21692_777db9e2,42854,5,7,normal,53.31795307844785,113.70516658217284,28.364190512710433,0.027694125004927628,0.0054208749934332445
21692_777db9e2,42854,5,8,normal,43.14672394411744,8.578501150044545,25.56886249766885,0.027193374990019947,0.005438874999526888
21692_777db9e2,42854,5,9,normal,46.68644880169942,293.57723598617264,29.040189798027274,0.027298959001200274,0.006021583991241641
22313_3a8b93dc,480,10,0,normal,14.755745350363389,278.38140518963553,84.27585069986144,0.00030279099883046,0.005012624998926185
22313_3a8b93dc,480,10,1,normal,10.82863489028082,200.59834323248205,83.4129924651107,0.0003007080085808411,0.005335666995961219
22313_3a8b93dc,480,10,2,normal,12.715567408654167,144.87777929676636,94.72323312997406,0.00029687500500585884,0.004691290989285335
22313_3a8b93dc,480,10,3,normal,-17.149170609087914,240.52790598873335,90.02679426038947,0.0002846249990398064,0.004939750011544675
22313_3a8b93dc,480,10,4,normal,-11.634393869686004,4.420468312393004,92.04288609110228,0.0003047909995075315,0.004809125006431714
22313_3a8b93dc,480,10,5,normal,-65.44997902595492,132.66668366314332,86.58047661138934,0.0003429589996812865,0.004557042004307732
22313_3a8b93dc,480,10,6,normal,57.24357721203458,320.6798632435681,92.97717205426626,0.00034329199115745723,0.005004165999707766
22313_3a8b93dc,480,10,7,normal,28.25786306592921,250.50389889350583,96.7160763408731,0.0002927499881479889,0.005117833003168926
22313_3a8b93dc,480,10,8,normal,-34.31695090997347,261.8324031454307,83.1421507646386,0.00029445800464600325,0.005288540996843949
22313_3a8b93dc,480,10,9,normal,-17.317001832647232,18.406437257713794,83.45084755445492,0.0002868330047931522,0.0052347919991007075
22448_1f21757a,12604,11,0,normal,-43.111409372486506,23.787917284249076,24.645604568394656,0.007694791987887584,0.004820290996576659
22448_1f21757a,12604,11,1,normal,-2.6040385566042024,72.52263609864393,22.429871494362807,0.007586541003547609,0.004935083008604124
22448_1f21757a,12604,11,2,normal,37.845658758831775,313.469610397164,24.771233987351174,0.00756783400720451,0.004852750003919937
22448_1f21757a,12604,11,3,normal,81.78153593814152,63.31412184363937,22.893461162388366,0.007788542003254406,0.005109833989990875
22448_1f21757a,12604,11,4,normal,-88.98902046959711,124.00950562658818,20.881997329904298,0.007510750001529232,0.00558870799432043
22448_1f21757a,12604,11,5,normal,-4.086620512416679,317.60700990045973,22.27925646025783,0.0073848329921020195,0.005009749991586432
22448_1f21757a,12604,11,6,normal,52.221749730919115,266.2996709916246,24.803457228230354,0.007598124997457489,0.005604416990536265
22448_1f21757a,12604,11,7,normal,8.540461678235634,253.52498161851517,21.843580561521033,0.007442500005709007,0.005125750001752749
22448_1f21757a,12604,11,8,normal,-40.71698417431721,128.7882379943921,24.3137284510082,0.007462082998245023,0.005237207995378412
22448_1f21757a,12604,11,9,normal,5.009449976860814,279.4356987404971,25.327281463352545,0.0076186660007806495,0.004711874993517995
22824_65fa15ec,2854,12,0,normal,29.39875001165427,270.880538715844,1869.0084476293812,0.0016740419960115105,0.005054833003669046
22824_65fa15ec,2854,12,1,normal,74.45989574256512,154.34937253125602,1902.2771606636795,0.001660000008996576,0.004957459008437581
22824_65fa15ec,2854,12,2,normal,-85.48776785814492,0.45983076867306405,1806.3976909659511,0.0016885419900063425,0.0049266249989159405
22824_65fa15ec,2854,12,3,normal,-43.42843262118993,89.40354017229006,1845.4679689919005,0.0016421670006820932,0.004654125004890375
22824_65fa15ec,2854,12,4,normal,-41.83795600899463,114.63379034449927,1636.7736097108943,0.0016795830015325919,0.005464833011501469
22824_65fa15ec,2854,12,5,normal,-20.923705088348946,10.12489912066522,1704.5251664847078,0.0016552079905522987,0.005156832994543947
22824_65fa15ec,2854,12,6,normal,-34.07927418266051,298.6960329198763,1927.0133074799019,0.0017010000010486692,0.004387791996123269
22824_65fa15ec,2854,12,7,normal,-67.12162024104695,260.2823587499648,1633.4266339051712,0.0015403330035042018,0.004939124992233701
22824_65fa15ec,2854,12,8,normal,-16.718141691096267,319.9234045457659,1729.7520611110754,0.0019041659979848191,0.00423970801057294
22824_65fa15ec,2854,12,9,normal,-63.73286695435524,337.3527019632704,1591.8388150930627,0.0015690829895902425,0.00462083300226368
23155_d7305c5f,17510,17,0,normal,40.762863408296376,99.14231387617531,26.685763110236252,0.010568582991254516,0.005424208997283131
23155_d7305c5f,17510,17,1,normal,45.07867008762404,36.49820025924912,29.633504908338193,0.010134458003449254,0.005494083990924992
23155_d7305c5f,17510,17,2,normal,-62.75775350672838,101.48866463697894,28.24994230706976,0.010166249994654208,0.005295250011840835
23155_d7305c5f,17510,17,3,normal,-78.12698565613601,75.46276626189638,31.57284707408379,0.010307874996215105,0.005467916009365581
23155_d7305c5f,17510,17,4,normal,-68.55163121954422,104.81016750483218,29.364968123269716,0.010213333007413894,0.005671833001542836
23155_d7305c5f,17510,17,5,normal,-53.049013673650784,342.582088395142,26.371152724197355,0.010427499990328215,0.00511450000340119
23155_d7305c5f,17510,17,6,normal,-23.85274511534309,126.07882145031579,26.829996850923752,0.010157458003959619,0.005006167004466988
23155_d7305c5f,17510,17,7,zoom,45.73717889155948,344.8697336439755,12.104672627064184,0.010241958007100038,0.005119875000673346
23155_d7305c5f,17510,17,8,zoom,-42.229724783966475,189.22678050318362,11.486339436402538,0.010024165996583179,0.005087625002488494
23155_d7305c5f,17510,17,9,zoom,-43.66629836756205,343.63054083008933,6.162392097108944,0.010165707994019613,0.005916583992075175
